epoch,time,train/box_loss,train/cls_loss,train/dfl_loss,metrics/precision(B),metrics/recall(B),metrics/mAP50(B),metrics/mAP50-95(B),val/box_loss,val/cls_loss,val/dfl_loss,lr/pg0,lr/pg1,lr/pg2
1,138.399,3.49987,4.71919,4.192,0.00028,0.07738,0.00021,5e-05,3.57993,4.04224,4.13579,0.000469328,0.000469328,0.000469328
2,221.398,3.43374,4.55614,4.06826,0.0014,0.2995,0.00178,0.00039,3.29528,4.07051,3.92931,0.000945636,0.000945636,0.000945636
3,298.166,3.29648,4.5288,3.85691,0.00014,0.04762,8e-05,2e-05,3.84787,3.9942,4.14512,0.00142184,0.00142184,0.00142184
4,379.018,3.19594,4.43071,3.70092,0.49421,0.03704,0.03732,0.00835,3.27274,4.13925,3.77078,0.00142865,0.00142865,0.00142865
5,459.926,3.10599,4.41059,3.55058,0.92974,0.03704,0.04774,0.01241,3.26528,3.97948,3.64555,0.00142838,0.00142838,0.00142838
6,533.848,3.0382,4.40947,3.47088,0.00256,0.07018,0.01009,0.00217,3.13878,3.93017,3.61604,0.00142803,0.00142803,0.00142803
7,615.081,2.92871,4.37627,3.39097,0.00216,0.39867,0.02984,0.00759,2.92534,3.84737,3.4841,0.0014276,0.0014276,0.0014276
8,697.338,2.86834,4.24707,3.30432,0.88265,0.09259,0.07619,0.01617,2.92929,4.02431,3.53614,0.0014271,0.0014271,0.0014271
9,762.056,2.76303,4.16234,3.23695,0.78605,0.07407,0.08183,0.02619,2.94079,3.76524,3.46296,0.00142652,0.00142652,0.00142652
10,852.457,2.72896,4.15906,3.16756,0.73659,0.09259,0.04672,0.01619,2.87749,3.55884,3.45403,0.00142586,0.00142586,0.00142586
11,936.36,2.67283,4.09165,3.09728,0.82408,0.07407,0.0884,0.03481,2.63398,3.71752,3.29265,0.00142513,0.00142513,0.00142513
12,1000.38,2.62737,4.06157,3.05954,0.44888,0.05556,0.07514,0.03331,2.63966,3.52293,3.28777,0.00142431,0.00142431,0.00142431
13,1082.6,2.56956,3.93457,3.04841,0.84293,0.09259,0.10898,0.05634,2.5194,3.45877,3.25495,0.00142342,0.00142342,0.00142342
14,1163.69,2.52769,3.86693,2.99686,0.55027,0.12302,0.12999,0.06737,2.67326,3.98822,3.30338,0.00142246,0.00142246,0.00142246
15,1234.76,2.53651,3.90169,2.98287,0.78402,0.09259,0.09799,0.04876,2.47691,3.47508,3.17699,0.00142141,0.00142141,0.00142141
16,1319.1,2.49962,3.83556,2.9652,0.18144,0.11609,0.13048,0.05068,2.48109,3.40459,3.13243,0.00142029,0.00142029,0.00142029
17,1400.25,2.48748,3.7008,2.95471,0.87894,0.11111,0.14776,0.07467,2.39086,3.40201,3.05631,0.00141909,0.00141909,0.00141909
18,1469.09,2.45559,3.7167,2.91386,0.48863,0.13007,0.13302,0.06945,2.34809,3.33271,3.0342,0.00141782,0.00141782,0.00141782
19,1549.73,2.45031,3.57649,2.89822,0.4412,0.20109,0.24549,0.11263,2.34739,3.39157,3.04057,0.00141647,0.00141647,0.00141647
20,1631.56,2.42442,3.64761,2.88567,0.56489,0.11153,0.15107,0.0594,2.37875,3.61362,3.0044,0.00141504,0.00141504,0.00141504
21,1702.84,2.39935,3.58442,2.84562,0.8433,0.11111,0.14425,0.0717,2.2525,3.37152,2.96646,0.00141354,0.00141354,0.00141354
22,1785.72,2.36341,3.45247,2.8135,0.68378,0.20966,0.2012,0.0995,2.33445,3.17637,3.01973,0.00141196,0.00141196,0.00141196
23,1866.5,2.33256,3.42274,2.80571,0.24374,0.18452,0.19163,0.08399,2.30972,3.16534,2.98492,0.00141031,0.00141031,0.00141031
24,1940.26,2.29244,3.35,2.78489,0.21318,0.24245,0.21172,0.11594,2.24409,3.3627,2.94959,0.00140858,0.00140858,0.00140858
25,2022.49,2.33151,3.39101,2.78287,0.63761,0.16005,0.20595,0.09868,2.23624,3.1548,2.91726,0.00140678,0.00140678,0.00140678
26,2103.6,2.26845,3.2229,2.74376,0.74548,0.18819,0.2793,0.13447,2.20088,2.86406,2.86313,0.0014049,0.0014049,0.0014049
27,2169.9,2.27249,3.32822,2.73364,0.28926,0.26921,0.25662,0.11355,2.32342,3.24095,2.9116,0.00140294,0.00140294,0.00140294
28,2250.33,2.27445,3.1889,2.73126,0.25857,0.36201,0.36483,0.11786,2.21499,2.90955,2.93494,0.00140091,0.00140091,0.00140091
29,2331.24,2.22226,3.18022,2.70756,0.341,0.38137,0.33541,0.12878,2.23862,2.87936,2.92097,0.00139881,0.00139881,0.00139881
30,2406.1,2.21314,3.06243,2.67974,0.671,0.20966,0.31577,0.15922,2.17927,2.74615,2.88326,0.00139663,0.00139663,0.00139663
31,2490.36,2.20474,3.06132,2.66791,0.33601,0.3357,0.33452,0.16245,2.15223,2.81774,2.87913,0.00139438,0.00139438,0.00139438
32,2571.92,2.19463,2.9957,2.6537,0.29736,0.33217,0.32491,0.14565,2.16556,3.11865,2.84578,0.00139205,0.00139205,0.00139205
33,2644.95,2.21178,3.0295,2.65261,0.2946,0.41809,0.34983,0.15531,2.06745,2.73723,2.79482,0.00138965,0.00138965,0.00138965
34,2731.52,2.20661,2.95034,2.64104,0.40198,0.32867,0.31739,0.16626,2.099,2.64286,2.80634,0.00138718,0.00138718,0.00138718
35,2815.01,2.23559,3.03252,2.64109,0.2709,0.36108,0.31931,0.15562,2.04347,2.85478,2.77769,0.00138464,0.00138464,0.00138464
36,2886.16,2.18366,2.93527,2.61875,0.26495,0.45882,0.30172,0.14729,2.17515,2.74483,2.87156,0.00138202,0.00138202,0.00138202
37,2968.71,2.1441,2.85401,2.62024,0.6521,0.3117,0.42456,0.20818,2.05603,2.72424,2.75067,0.00137933,0.00137933,0.00137933
38,3050.16,2.15419,2.83801,2.61779,0.33047,0.44528,0.39121,0.19714,2.01295,2.52005,2.7648,0.00137656,0.00137656,0.00137656
39,3112.75,2.12885,2.88839,2.59115,0.3153,0.4094,0.33337,0.15949,2.10715,2.58784,2.79159,0.00137373,0.00137373,0.00137373
40,3195.59,2.13068,2.72574,2.55897,0.36116,0.42902,0.36755,0.18275,2.04957,2.53806,2.80084,0.00137082,0.00137082,0.00137082
41,3276.24,2.11025,2.73579,2.56537,0.36844,0.34694,0.38813,0.20601,2.04742,2.46958,2.78523,0.00136785,0.00136785,0.00136785
42,3348.76,2.09729,2.70501,2.52753,0.35867,0.42739,0.39123,0.19879,2.05915,2.3859,2.69104,0.0013648,0.0013648,0.0013648
43,3432.63,2.07051,2.65941,2.53386,0.48237,0.4403,0.43071,0.2155,2.01983,2.55808,2.74919,0.00136168,0.00136168,0.00136168
44,3514.07,2.05473,2.68817,2.52106,0.43536,0.45302,0.45989,0.22946,1.9887,2.26868,2.72013,0.00135849,0.00135849,0.00135849
45,3587.98,2.0537,2.57478,2.48029,0.49415,0.46314,0.53801,0.24357,1.98649,2.40788,2.68355,0.00135523,0.00135523,0.00135523
46,3671.75,2.07016,2.6536,2.51112,0.46171,0.50763,0.52868,0.23664,1.97432,2.46575,2.65899,0.0013519,0.0013519,0.0013519
47,3752.01,1.99614,2.54582,2.47336,0.43579,0.42902,0.49452,0.26726,1.94699,2.40895,2.64803,0.00134851,0.00134851,0.00134851
48,3814.98,2.03661,2.60814,2.51507,0.36285,0.49453,0.42913,0.22087,1.99304,2.33734,2.67649,0.00134504,0.00134504,0.00134504
49,3896.51,2.00064,2.52536,2.4499,0.55392,0.44084,0.51741,0.25075,2.03062,2.38791,2.69262,0.0013415,0.0013415,0.0013415
50,3976.8,2.00907,2.50897,2.43234,0.34243,0.55277,0.47827,0.23798,1.95266,2.27704,2.65796,0.0013379,0.0013379,0.0013379
51,4046.74,1.9925,2.51285,2.4415,0.66356,0.48729,0.52167,0.27089,2.02326,2.42836,2.76767,0.00133423,0.00133423,0.00133423
52,4129.88,2.03295,2.56373,2.45667,0.62664,0.47473,0.54848,0.2957,1.99982,2.17915,2.67363,0.0013305,0.0013305,0.0013305
53,4213.15,1.99279,2.50586,2.46279,0.50531,0.59012,0.55204,0.27847,1.84606,2.16096,2.59321,0.00132669,0.00132669,0.00132669
54,4286.18,1.95764,2.47277,2.41926,0.58751,0.52332,0.56971,0.2972,1.89252,2.06008,2.59486,0.00132282,0.00132282,0.00132282
55,4368.28,1.98432,2.53405,2.4252,0.52831,0.5805,0.61432,0.32311,1.70789,2.1095,2.47421,0.00131888,0.00131888,0.00131888
56,4448.31,1.95677,2.4512,2.44868,0.74512,0.3906,0.59372,0.32229,1.75818,2.03412,2.48946,0.00131488,0.00131488,0.00131488
57,4512.85,1.96863,2.45305,2.40864,0.57601,0.53776,0.56295,0.30199,1.7655,2.02862,2.47077,0.00131082,0.00131082,0.00131082
58,4592.47,1.94546,2.44146,2.3952,0.63504,0.44653,0.5794,0.2949,1.78288,2.04103,2.50217,0.00130668,0.00130668,0.00130668
59,4675.76,1.95592,2.35821,2.41115,0.68876,0.60603,0.64818,0.30506,1.83968,2.11713,2.58739,0.00130249,0.00130249,0.00130249
60,4746.14,1.9439,2.30711,2.4068,0.66619,0.55872,0.65417,0.35323,1.75558,1.85424,2.49906,0.00129823,0.00129823,0.00129823
61,4829.25,1.93024,2.25118,2.39176,0.75748,0.5498,0.68299,0.3468,1.75878,1.83835,2.46772,0.00129391,0.00129391,0.00129391
62,4910.39,1.92523,2.37662,2.40768,0.64277,0.56537,0.66763,0.34633,1.74024,1.92301,2.50141,0.00128952,0.00128952,0.00128952
63,4983.4,1.896,2.24081,2.33423,0.5007,0.69675,0.64834,0.34407,1.71053,1.86271,2.48574,0.00128507,0.00128507,0.00128507
64,5066.44,1.88342,2.25886,2.34118,0.6544,0.6422,0.71654,0.39069,1.61807,1.80238,2.37826,0.00128057,0.00128057,0.00128057
65,5142.69,1.91903,2.2787,2.36408,0.64627,0.65932,0.69513,0.3915,1.68297,1.80064,2.40425,0.00127599,0.00127599,0.00127599
66,5203.81,1.88213,2.20958,2.31816,0.67313,0.66334,0.66567,0.37304,1.64327,1.90474,2.40747,0.00127136,0.00127136,0.00127136
67,5284.85,1.88493,2.22731,2.38621,0.57072,0.72134,0.70796,0.37857,1.71846,1.67659,2.45304,0.00126667,0.00126667,0.00126667
68,5365.45,1.86315,2.27173,2.3499,0.60544,0.64146,0.61134,0.33172,1.76845,1.9218,2.43707,0.00126192,0.00126192,0.00126192
69,5428.08,1.87736,2.23934,2.34271,0.62865,0.65329,0.69096,0.40182,1.63198,1.84528,2.38973,0.00125711,0.00125711,0.00125711
70,5509.91,1.87886,2.25624,2.34573,0.66397,0.70076,0.71078,0.38611,1.59714,1.86828,2.38154,0.00125224,0.00125224,0.00125224
71,5591.26,1.8482,2.16238,2.28625,0.85034,0.56512,0.76361,0.45292,1.57042,1.79627,2.35047,0.00124731,0.00124731,0.00124731
72,5658.6,1.81747,2.14541,2.27915,0.7183,0.69889,0.75112,0.43392,1.58424,1.61979,2.36101,0.00124233,0.00124233,0.00124233
73,5738.72,1.78719,2.05798,2.29306,0.69675,0.70694,0.75321,0.43491,1.56099,1.71017,2.32427,0.00123728,0.00123728,0.00123728
74,5818.98,1.84732,2.14161,2.32901,0.81091,0.706,0.79011,0.41884,1.66705,1.73981,2.40743,0.00123219,0.00123219,0.00123219
75,5890.52,1.85655,2.16892,2.30899,0.72088,0.66477,0.70503,0.38901,1.62083,1.65141,2.37173,0.00122703,0.00122703,0.00122703
76,5970.61,1.80891,2.098,2.28849,0.65079,0.70858,0.72614,0.42859,1.54695,1.63072,2.34587,0.00122182,0.00122182,0.00122182
77,6050.59,1.78054,2.06485,2.25495,0.76682,0.74203,0.78021,0.47894,1.53293,1.48855,2.28754,0.00121656,0.00121656,0.00121656
78,6119.11,1.80399,2.0417,2.27306,0.70447,0.6894,0.76778,0.46044,1.49433,1.59187,2.30228,0.00121124,0.00121124,0.00121124
79,6199.25,1.8355,2.14318,2.31604,0.80021,0.69535,0.7975,0.47243,1.58867,1.49656,2.35913,0.00120586,0.00120586,0.00120586
80,6278.56,1.74781,1.99493,2.23599,0.75399,0.69673,0.77839,0.47169,1.62554,1.52017,2.35589,0.00120044,0.00120044,0.00120044
81,6345.93,1.80548,2.03602,2.24944,0.84017,0.70151,0.79932,0.49143,1.54691,1.55277,2.28309,0.00119496,0.00119496,0.00119496
82,6428.45,1.77612,2.00989,2.21697,0.78793,0.68213,0.80268,0.47574,1.54748,1.46423,2.29941,0.00118943,0.00118943,0.00118943
83,6509.16,1.77687,2.05527,2.21277,0.71863,0.76011,0.80964,0.47852,1.5219,1.48688,2.29669,0.00118385,0.00118385,0.00118385
84,6582.67,1.7583,2.00218,2.20301,0.80622,0.7713,0.82486,0.51463,1.47861,1.51284,2.2633,0.00117821,0.00117821,0.00117821
85,6663.31,1.79223,2.06801,2.24892,0.84856,0.79195,0.82461,0.51876,1.4086,1.45152,2.20506,0.00117253,0.00117253,0.00117253
86,6744.33,1.75115,1.96415,2.18683,0.78702,0.80237,0.83363,0.5165,1.4582,1.39553,2.27923,0.0011668,0.0011668,0.0011668
87,6812.54,1.72306,2.01478,2.19781,0.78795,0.77039,0.83486,0.46507,1.61579,1.55962,2.3618,0.00116102,0.00116102,0.00116102
88,6892.17,1.72357,1.93089,2.20403,0.7799,0.79062,0.80338,0.51679,1.45967,1.48697,2.2438,0.00115519,0.00115519,0.00115519
89,6972.8,1.76139,2.00885,2.20559,0.85097,0.68877,0.8074,0.46091,1.60992,1.44258,2.32301,0.00114931,0.00114931,0.00114931
90,7047.99,1.75634,1.97003,2.21687,0.80734,0.75885,0.8129,0.53166,1.39477,1.41986,2.21043,0.00114339,0.00114339,0.00114339
91,7130.84,1.67959,1.92936,2.16007,0.81569,0.70663,0.81461,0.53003,1.44124,1.37269,2.20162,0.00113742,0.00113742,0.00113742
92,7210.78,1.75894,1.94192,2.19283,0.83672,0.74527,0.84233,0.52397,1.51754,1.34198,2.24642,0.0011314,0.0011314,0.0011314
93,7273.09,1.7528,1.97507,2.17759,0.7952,0.82022,0.83406,0.51508,1.45393,1.43807,2.23632,0.00112534,0.00112534,0.00112534
94,7354.1,1.70319,1.89258,2.14204,0.84878,0.72809,0.83179,0.53223,1.41066,1.36808,2.19796,0.00111924,0.00111924,0.00111924
95,7434.58,1.74278,1.99352,2.21413,0.84655,0.80006,0.85736,0.54562,1.47809,1.32547,2.20843,0.00111309,0.00111309,0.00111309
96,7496.92,1.63775,1.81055,2.12831,0.84901,0.76437,0.84224,0.53633,1.46787,1.31026,2.23146,0.0011069,0.0011069,0.0011069
97,7577.56,1.69791,1.93268,2.17012,0.84708,0.76681,0.85507,0.52913,1.46791,1.29331,2.22264,0.00110066,0.00110066,0.00110066
98,7657.95,1.7105,1.87606,2.15565,0.84624,0.77633,0.88138,0.56234,1.43742,1.26742,2.18408,0.00109439,0.00109439,0.00109439
99,7732.14,1.709,1.85399,2.15646,0.84258,0.7923,0.86059,0.54608,1.44495,1.23891,2.1748,0.00108807,0.00108807,0.00108807
100,7814.16,1.68384,1.859,2.16304,0.88278,0.8098,0.87813,0.5819,1.45122,1.22824,2.19639,0.00108172,0.00108172,0.00108172
101,7894.22,1.67036,1.80425,2.15883,0.83464,0.73248,0.82905,0.5389,1.4618,1.42137,2.21313,0.00107532,0.00107532,0.00107532
102,7963.21,1.68991,1.87791,2.14226,0.86087,0.7909,0.86674,0.55306,1.42067,1.29157,2.16551,0.00106889,0.00106889,0.00106889
103,8044.34,1.67082,1.84471,2.1419,0.83327,0.77872,0.84708,0.53898,1.36155,1.27008,2.11279,0.00106242,0.00106242,0.00106242
104,8124.11,1.68197,1.87275,2.15901,0.89227,0.81358,0.86256,0.56654,1.36696,1.22256,2.12133,0.00105591,0.00105591,0.00105591
105,8187.22,1.68762,1.86472,2.14841,0.83202,0.77178,0.85418,0.54969,1.36913,1.29266,2.12719,0.00104936,0.00104936,0.00104936
106,8269.42,1.62318,1.77216,2.12113,0.84161,0.80611,0.8705,0.57898,1.39221,1.25318,2.14186,0.00104278,0.00104278,0.00104278
107,8349.89,1.64385,1.79573,2.12269,0.84474,0.82041,0.86279,0.577,1.32657,1.19418,2.12343,0.00103616,0.00103616,0.00103616
108,8420.31,1.6716,1.86315,2.13305,0.83139,0.82373,0.86662,0.55698,1.43705,1.30158,2.16064,0.00102951,0.00102951,0.00102951
109,8500.8,1.63175,1.81438,2.11351,0.85029,0.8421,0.8781,0.58256,1.31952,1.20587,2.09181,0.00102282,0.00102282,0.00102282
110,8582.15,1.64686,1.82171,2.11928,0.83241,0.73932,0.856,0.53792,1.36894,1.27298,2.14491,0.0010161,0.0010161,0.0010161
111,8651.74,1.61781,1.78593,2.11212,0.84544,0.81976,0.87059,0.55508,1.34698,1.20488,2.09624,0.00100935,0.00100935,0.00100935
112,8732.33,1.60505,1.75984,2.08018,0.90764,0.78333,0.88633,0.55917,1.41957,1.22356,2.1903,0.00100257,0.00100257,0.00100257
113,8812.8,1.62851,1.75966,2.0985,0.86236,0.82844,0.87868,0.61555,1.33965,1.15137,2.10327,0.000995756,0.000995756,0.000995756
114,8878.28,1.60112,1.73626,2.06835,0.85114,0.82361,0.87678,0.60829,1.26127,1.13571,2.06022,0.000988913,0.000988913,0.000988913
115,8957.73,1.58121,1.72587,2.08628,0.80358,0.81395,0.86085,0.57482,1.33208,1.22808,2.10363,0.00098204,0.00098204,0.00098204
116,9036.84,1.60897,1.69665,2.07788,0.87788,0.81363,0.872,0.56562,1.37417,1.22669,2.13243,0.000975138,0.000975138,0.000975138
117,9105.57,1.64671,1.70841,2.09059,0.8658,0.87752,0.90269,0.61474,1.28346,1.08975,2.05367,0.000968209,0.000968209,0.000968209
118,9185.71,1.57257,1.64991,2.05115,0.91549,0.81575,0.89903,0.6251,1.22138,1.07571,2.00008,0.000961253,0.000961253,0.000961253
119,9266,1.52611,1.64724,2.03025,0.88022,0.78035,0.86947,0.60487,1.21317,1.1619,1.99867,0.00095427,0.00095427,0.00095427
120,9335.53,1.58159,1.72009,2.0624,0.82188,0.84419,0.87314,0.59075,1.29312,1.08984,2.06727,0.000947262,0.000947262,0.000947262
121,9421.28,1.56539,1.6629,2.02351,0.83592,0.83335,0.89044,0.59206,1.23459,1.1695,2.02342,0.00094023,0.00094023,0.00094023
122,9500.48,1.59092,1.7293,2.05478,0.82771,0.84216,0.88315,0.57338,1.27397,1.12789,2.06442,0.000933173,0.000933173,0.000933173
123,9565.19,1.55913,1.73517,2.03874,0.92319,0.77001,0.87251,0.59489,1.31903,1.14828,2.09992,0.000926093,0.000926093,0.000926093
124,9645.81,1.55287,1.66619,2.05182,0.81596,0.82372,0.89345,0.59515,1.29043,1.06756,2.07688,0.000918991,0.000918991,0.000918991
125,9725.34,1.56884,1.62829,2.07304,0.88198,0.80387,0.89337,0.58551,1.28377,1.09325,2.06979,0.000911867,0.000911867,0.000911867
126,9785.81,1.52638,1.62459,2.0326,0.92067,0.85857,0.91009,0.61572,1.27203,1.03575,2.03733,0.000904722,0.000904722,0.000904722
127,9868,1.58116,1.67693,2.03244,0.81976,0.85589,0.87681,0.59962,1.2873,1.02241,2.02828,0.000897557,0.000897557,0.000897557
128,9947.92,1.54175,1.62311,2.01913,0.82979,0.87042,0.90072,0.61424,1.29644,1.03395,2.07806,0.000890373,0.000890373,0.000890373
129,10025.9,1.54248,1.64924,2.03219,0.86946,0.86917,0.8984,0.62211,1.30363,1.05987,2.04703,0.00088317,0.00088317,0.00088317
130,10107.2,1.59879,1.69657,2.05219,0.84475,0.85116,0.89912,0.58365,1.31451,1.04611,2.06357,0.00087595,0.00087595,0.00087595
131,10188.5,1.55452,1.63715,2.03929,0.77714,0.87227,0.88151,0.58067,1.25412,1.13495,1.98596,0.000868712,0.000868712,0.000868712
132,10261,1.58245,1.68065,2.04964,0.85538,0.84584,0.90002,0.62271,1.23096,1.01632,1.97973,0.000861459,0.000861459,0.000861459
133,10340.9,1.51966,1.6059,1.99779,0.89229,0.82703,0.89873,0.63277,1.20944,1.01126,1.99238,0.00085419,0.00085419,0.00085419
134,10420.8,1.50656,1.61829,1.98864,0.83975,0.83711,0.90338,0.62879,1.26605,1.07399,2.01015,0.000846907,0.000846907,0.000846907
135,10493.6,1.51783,1.62217,1.99089,0.88123,0.82206,0.89174,0.61988,1.24304,1.09151,1.98959,0.00083961,0.00083961,0.00083961
136,10576,1.51705,1.62461,1.98794,0.88275,0.87564,0.91067,0.64308,1.17766,1.03806,1.95481,0.0008323,0.0008323,0.0008323
137,10655.8,1.52376,1.54297,1.98515,0.87716,0.80385,0.88898,0.62953,1.21237,1.05062,1.97124,0.000824978,0.000824978,0.000824978
138,10717.1,1.51974,1.62072,1.99289,0.95648,0.80659,0.90462,0.66415,1.18223,1.03745,1.9464,0.000817644,0.000817644,0.000817644
139,10796.7,1.48637,1.47857,1.9617,0.88729,0.84927,0.90788,0.65517,1.1983,1.01907,1.95954,0.0008103,0.0008103,0.0008103
140,10876.8,1.51939,1.60994,1.98361,0.91592,0.83628,0.90453,0.63839,1.18437,1.07054,1.94188,0.000802946,0.000802946,0.000802946
141,10945.8,1.54289,1.61961,2.01287,0.92215,0.83925,0.91315,0.65834,1.22127,0.93203,1.99335,0.000795584,0.000795584,0.000795584
142,11026.3,1.49389,1.59595,2.00806,0.92338,0.82511,0.91002,0.65253,1.18146,1.05046,1.95543,0.000788213,0.000788213,0.000788213
143,11107.2,1.49705,1.50617,1.97019,0.92263,0.84545,0.90136,0.63947,1.21391,0.97459,2.0004,0.000780835,0.000780835,0.000780835
144,11169.9,1.47658,1.51749,1.95623,0.85573,0.87013,0.90668,0.62789,1.22725,0.96752,1.9961,0.00077345,0.00077345,0.00077345
145,11250.5,1.45326,1.52006,1.94465,0.90709,0.85426,0.90679,0.64131,1.2238,0.96428,1.98617,0.00076606,0.00076606,0.00076606
146,11330.7,1.47484,1.52409,1.94646,0.89403,0.9003,0.91741,0.64309,1.20886,0.9668,1.94038,0.000758665,0.000758665,0.000758665
147,11392.7,1.44521,1.5239,1.94047,0.90925,0.83807,0.91152,0.64593,1.16855,0.93969,1.91508,0.000751266,0.000751266,0.000751266
148,11473.4,1.45865,1.52468,1.95731,0.89914,0.86879,0.91504,0.63879,1.21127,0.91373,1.94129,0.000743864,0.000743864,0.000743864
149,11554.2,1.47998,1.52195,1.95576,0.867,0.85291,0.9064,0.63818,1.2097,0.95775,1.94467,0.000736459,0.000736459,0.000736459
150,11617.3,1.46018,1.49438,1.95283,0.95483,0.84568,0.90637,0.64254,1.17018,0.91692,1.90548,0.000729052,0.000729052,0.000729052
151,11698.7,1.47263,1.51196,1.94531,0.86286,0.86037,0.90664,0.63012,1.20161,0.98834,1.9646,0.000721645,0.000721645,0.000721645
152,11779.2,1.46477,1.57451,1.96217,0.86786,0.87534,0.91543,0.64819,1.11346,0.99438,1.91234,0.000714238,0.000714238,0.000714238
153,11842,1.46626,1.52968,1.96339,0.87956,0.86179,0.90701,0.62105,1.16999,0.96861,1.9496,0.000706831,0.000706831,0.000706831
154,11924.5,1.44594,1.49855,1.95755,0.9562,0.86471,0.9136,0.66074,1.11854,0.94082,1.89033,0.000699426,0.000699426,0.000699426
155,12004.7,1.44713,1.52831,1.93921,0.90145,0.87703,0.91456,0.65749,1.13284,0.95015,1.8918,0.000692024,0.000692024,0.000692024
156,12073.3,1.46466,1.5349,1.9495,0.95879,0.85872,0.91316,0.65369,1.14661,0.92701,1.88329,0.000684625,0.000684625,0.000684625
157,12154.9,1.43097,1.42084,1.89828,0.94604,0.83419,0.91166,0.65961,1.1336,0.95019,1.85905,0.00067723,0.00067723,0.00067723
158,12235.8,1.44407,1.50674,1.92844,0.91128,0.84514,0.90124,0.67839,1.07547,0.94451,1.87889,0.00066984,0.00066984,0.00066984
159,12301.4,1.4584,1.52528,1.94335,0.91827,0.86818,0.912,0.65913,1.09124,0.91229,1.89328,0.000662455,0.000662455,0.000662455
160,12380.4,1.4563,1.48912,1.92708,0.93262,0.84714,0.91239,0.67045,1.07682,0.92018,1.86665,0.000655077,0.000655077,0.000655077
161,12460.4,1.38737,1.43395,1.89293,0.92444,0.85089,0.91217,0.65273,1.12189,0.91878,1.90596,0.000647706,0.000647706,0.000647706
162,12526,1.40185,1.43639,1.91122,0.91221,0.85086,0.90913,0.6605,1.17691,0.88551,1.93977,0.000640344,0.000640344,0.000640344
163,12606.1,1.4466,1.5161,1.92777,0.91127,0.90849,0.92166,0.6705,1.10864,0.90034,1.86907,0.00063299,0.00063299,0.00063299
164,12686,1.40747,1.42031,1.88622,0.89159,0.90688,0.9217,0.68694,1.0925,0.8669,1.85626,0.000625646,0.000625646,0.000625646
165,12752.3,1.41363,1.48389,1.90313,0.88053,0.8691,0.91608,0.67892,1.06996,0.9005,1.83046,0.000618312,0.000618312,0.000618312
166,12835.3,1.38679,1.45248,1.91744,0.89274,0.85813,0.91241,0.67398,1.07221,0.85765,1.85672,0.00061099,0.00061099,0.00061099
167,12914.6,1.42502,1.47758,1.92279,0.88969,0.86982,0.91423,0.67523,1.07336,0.86239,1.84496,0.00060368,0.00060368,0.00060368
168,12981.9,1.40957,1.50811,1.9237,0.85639,0.87497,0.91549,0.68421,1.07462,0.91014,1.85829,0.000596383,0.000596383,0.000596383
169,13062.1,1.42165,1.45089,1.91805,0.88028,0.88079,0.90975,0.68437,1.07918,0.92244,1.83068,0.0005891,0.0005891,0.0005891
170,13142,1.38413,1.39048,1.87975,0.86416,0.87477,0.90976,0.67332,1.07347,0.9225,1.83806,0.000581831,0.000581831,0.000581831
171,13207.7,1.3902,1.42179,1.89674,0.90147,0.84454,0.91146,0.67849,1.10982,0.90309,1.87415,0.000574578,0.000574578,0.000574578
172,13289.4,1.40299,1.40589,1.88116,0.89008,0.86804,0.91408,0.66315,1.12693,0.85442,1.87703,0.00056734,0.00056734,0.00056734
173,13369.3,1.40963,1.46488,1.90667,0.91512,0.84232,0.91959,0.66537,1.06462,0.86158,1.83891,0.00056012,0.00056012,0.00056012
174,13433.6,1.37149,1.3783,1.83621,0.91898,0.85518,0.91281,0.67026,1.09651,0.87848,1.85275,0.000552917,0.000552917,0.000552917
175,13514.4,1.37932,1.40311,1.87507,0.90957,0.9021,0.91265,0.68461,1.05399,0.86664,1.79401,0.000545733,0.000545733,0.000545733
176,13594.6,1.35023,1.34755,1.84123,0.87984,0.8806,0.90978,0.67829,1.06626,0.86677,1.86087,0.000538568,0.000538568,0.000538568
177,13666.8,1.37765,1.39748,1.87271,0.92693,0.8784,0.9133,0.69824,1.03402,0.87554,1.81021,0.000531423,0.000531423,0.000531423
178,13746.7,1.34706,1.37929,1.84699,0.86426,0.86902,0.9022,0.68995,1.05309,0.88246,1.81279,0.000524299,0.000524299,0.000524299
179,13827.2,1.40492,1.45434,1.89703,0.94364,0.85711,0.90505,0.69555,1.03223,0.85542,1.81423,0.000517197,0.000517197,0.000517197
180,13894.2,1.37962,1.4105,1.87429,0.89906,0.8851,0.91393,0.69572,1.05229,0.83894,1.82391,0.000510117,0.000510117,0.000510117
181,13974.5,1.3888,1.38786,1.86974,0.90236,0.86115,0.91025,0.66961,1.05643,0.869,1.80093,0.00050306,0.00050306,0.00050306
182,14055.1,1.38401,1.401,1.85938,0.88467,0.84574,0.90864,0.69005,1.05003,0.83636,1.81839,0.000496028,0.000496028,0.000496028
183,14129,1.30603,1.31757,1.81573,0.8575,0.85645,0.90378,0.68619,1.05268,0.8527,1.81726,0.00048902,0.00048902,0.00048902
184,14211,1.40443,1.39427,1.86323,0.88516,0.89185,0.92185,0.6813,1.0424,0.85075,1.81187,0.000482037,0.000482037,0.000482037
185,14290.5,1.35246,1.35441,1.85142,0.89679,0.86523,0.91101,0.67841,1.06002,0.85956,1.80074,0.000475081,0.000475081,0.000475081
186,14356.9,1.3267,1.3366,1.8327,0.8597,0.86593,0.9112,0.68104,1.08892,0.85548,1.82723,0.000468152,0.000468152,0.000468152
187,14437,1.3951,1.43064,1.88077,0.84995,0.87181,0.90705,0.67095,1.03189,0.85943,1.80325,0.00046125,0.00046125,0.00046125
188,14516.7,1.36297,1.40958,1.85581,0.92745,0.8285,0.9194,0.66709,1.03337,0.82941,1.7914,0.000454377,0.000454377,0.000454377
189,14587.4,1.35815,1.36269,1.82074,0.90087,0.83116,0.90689,0.66485,1.02168,0.82093,1.78777,0.000447534,0.000447534,0.000447534
190,14669.4,1.34096,1.34595,1.84845,0.92469,0.86279,0.91233,0.68628,1.01083,0.82349,1.78548,0.00044072,0.00044072,0.00044072
191,14750,1.35225,1.34046,1.8236,0.88275,0.8814,0.91295,0.68244,1.05198,0.82976,1.81781,0.000433938,0.000433938,0.000433938
192,14813.3,1.36392,1.36689,1.83451,0.89654,0.84162,0.90516,0.68286,1.09727,0.82426,1.84558,0.000427187,0.000427187,0.000427187
193,14894.8,1.32838,1.32076,1.82727,0.89626,0.84485,0.90944,0.69547,1.05152,0.82406,1.8199,0.000420468,0.000420468,0.000420468
194,14974.1,1.32884,1.37976,1.85662,0.94941,0.80484,0.90829,0.6715,1.08621,0.81864,1.84798,0.000413782,0.000413782,0.000413782
195,15047,1.31368,1.35645,1.8311,0.93524,0.86113,0.90894,0.6865,1.03583,0.8352,1.79962,0.00040713,0.00040713,0.00040713
196,15128.7,1.35625,1.34229,1.84074,0.94058,0.85966,0.91337,0.698,1.02362,0.85037,1.77088,0.000400513,0.000400513,0.000400513
197,15208.3,1.30841,1.33066,1.80524,0.9338,0.84386,0.90819,0.69664,1.01071,0.81854,1.79917,0.00039393,0.00039393,0.00039393
198,15278.5,1.35487,1.37749,1.83301,0.91801,0.8424,0.91024,0.69456,1.01114,0.80399,1.78512,0.000387384,0.000387384,0.000387384
199,15359.2,1.31822,1.31953,1.81822,0.93754,0.84994,0.92223,0.67636,1.0302,0.80576,1.8019,0.000380874,0.000380874,0.000380874
200,15439.9,1.28529,1.30671,1.78651,0.82763,0.92336,0.92168,0.70665,1.03757,0.80611,1.80321,0.000374402,0.000374402,0.000374402
201,15505,1.34461,1.39646,1.83169,0.86939,0.88573,0.91254,0.69027,1.00378,0.79833,1.78518,0.000367967,0.000367967,0.000367967
202,15585.7,1.32339,1.29643,1.8061,0.85144,0.89093,0.91828,0.69217,1.05247,0.82459,1.80733,0.000361572,0.000361572,0.000361572
203,15665.3,1.33981,1.31449,1.83605,0.95105,0.85066,0.91695,0.68978,1.06133,0.83563,1.7935,0.000355216,0.000355216,0.000355216
204,15738.2,1.31736,1.29966,1.81585,0.92951,0.87944,0.91065,0.69997,1.01794,0.82416,1.75673,0.0003489,0.0003489,0.0003489
205,15819.1,1.31666,1.30922,1.82152,0.94466,0.8488,0.90889,0.70108,1.01758,0.83476,1.76429,0.000342625,0.000342625,0.000342625
206,15898.4,1.27934,1.27295,1.79182,0.92415,0.8577,0.91367,0.69113,1.024,0.80785,1.77698,0.000336392,0.000336392,0.000336392
207,15970.8,1.3431,1.33074,1.8448,0.90909,0.83808,0.91429,0.70801,0.99983,0.80042,1.7545,0.000330201,0.000330201,0.000330201
208,16052,1.30958,1.35189,1.82753,0.87482,0.8574,0.912,0.71819,0.96472,0.815,1.72406,0.000324053,0.000324053,0.000324053
209,16132.3,1.26378,1.25072,1.76703,0.92923,0.85182,0.918,0.717,0.96587,0.81784,1.72553,0.000317948,0.000317948,0.000317948
210,16193.9,1.28864,1.30143,1.78577,0.9174,0.85619,0.91657,0.69882,0.99813,0.80719,1.76677,0.000311888,0.000311888,0.000311888
211,16273.2,1.27439,1.25929,1.77982,0.92101,0.84952,0.91465,0.70066,0.98323,0.80018,1.74719,0.000305872,0.000305872,0.000305872
212,16353.5,1.2611,1.22064,1.75072,0.9106,0.85744,0.91515,0.7112,0.93745,0.78976,1.70129,0.000299902,0.000299902,0.000299902
213,16422.1,1.26514,1.26422,1.76511,0.91562,0.85189,0.91455,0.71218,0.95073,0.76334,1.73514,0.000293979,0.000293979,0.000293979
214,16504.6,1.25569,1.2407,1.76163,0.92202,0.87399,0.92444,0.71145,0.94909,0.77201,1.71029,0.000288102,0.000288102,0.000288102
215,16585.1,1.27823,1.29849,1.77902,0.92538,0.83689,0.91663,0.71828,0.9395,0.77089,1.70417,0.000282273,0.000282273,0.000282273
216,16655.7,1.31145,1.26818,1.79521,0.91884,0.87791,0.92089,0.71697,0.93235,0.75158,1.68423,0.000276492,0.000276492,0.000276492
217,16737.7,1.29615,1.29177,1.77249,0.94523,0.87306,0.92757,0.70837,0.96119,0.77588,1.71203,0.00027076,0.00027076,0.00027076
218,16818.4,1.27699,1.28381,1.77881,0.94119,0.84194,0.93002,0.72569,0.92613,0.74496,1.70808,0.000265077,0.000265077,0.000265077
219,16892,1.24997,1.25727,1.75838,0.95814,0.85161,0.92841,0.71957,0.94045,0.76325,1.70569,0.000259445,0.000259445,0.000259445
220,16972.1,1.27046,1.27031,1.78729,0.94134,0.85645,0.91403,0.72856,0.94651,0.76404,1.69989,0.000253863,0.000253863,0.000253863
221,17052,1.27341,1.24847,1.7784,0.9312,0.86262,0.91674,0.71239,0.94446,0.75446,1.71776,0.000248332,0.000248332,0.000248332
222,17117,1.22562,1.18312,1.74764,0.93266,0.866,0.93099,0.71221,0.96819,0.7563,1.7309,0.000242853,0.000242853,0.000242853
223,17199,1.28822,1.23189,1.76554,0.9312,0.87598,0.92606,0.71708,0.94368,0.76753,1.70821,0.000237427,0.000237427,0.000237427
224,17278.7,1.27809,1.28653,1.77445,0.8887,0.86562,0.9174,0.72027,0.9544,0.77771,1.71988,0.000232054,0.000232054,0.000232054
225,17349,1.3216,1.31711,1.81279,0.89908,0.85314,0.91448,0.71263,0.92855,0.7765,1.70106,0.000226735,0.000226735,0.000226735
226,17430.5,1.21683,1.18363,1.74189,0.86451,0.91514,0.92159,0.72104,0.90147,0.76102,1.68197,0.000221469,0.000221469,0.000221469
227,17510,1.26085,1.24818,1.77643,0.8899,0.90323,0.92458,0.72634,0.92137,0.7483,1.70609,0.000216259,0.000216259,0.000216259
228,17581.7,1.25934,1.23814,1.75592,0.90974,0.84973,0.91535,0.71782,0.91415,0.75575,1.69266,0.000211104,0.000211104,0.000211104
229,17662.5,1.27021,1.2665,1.76173,0.91887,0.87994,0.91197,0.72758,0.93637,0.74965,1.69944,0.000206005,0.000206005,0.000206005
230,17742.4,1.30378,1.31551,1.7881,0.87485,0.88862,0.91946,0.71883,0.96406,0.74572,1.72093,0.000200963,0.000200963,0.000200963
231,17810.8,1.22872,1.19029,1.72605,0.90699,0.8489,0.92137,0.71754,0.9262,0.74298,1.68861,0.000195978,0.000195978,0.000195978
232,17892.6,1.22745,1.23925,1.7308,0.92531,0.86025,0.91979,0.71765,0.93464,0.74606,1.6787,0.00019105,0.00019105,0.00019105
233,17973.4,1.24875,1.23742,1.73023,0.88835,0.92207,0.93216,0.73935,0.91648,0.74298,1.64882,0.000186181,0.000186181,0.000186181
234,18038.3,1.21376,1.20565,1.72582,0.90389,0.92196,0.9258,0.72372,0.92767,0.72932,1.69052,0.00018137,0.00018137,0.00018137
235,18118.8,1.25925,1.27252,1.7583,0.8984,0.90115,0.92041,0.71897,0.9403,0.72645,1.71491,0.000176619,0.000176619,0.000176619
236,18199.6,1.30033,1.28696,1.78442,0.91507,0.893,0.92743,0.71698,0.93701,0.71936,1.70339,0.000171927,0.000171927,0.000171927
237,18263.1,1.2764,1.30839,1.77227,0.91602,0.89619,0.92953,0.73,0.92976,0.72015,1.70039,0.000167296,0.000167296,0.000167296
238,18345.9,1.2279,1.22054,1.71767,0.913,0.90731,0.92813,0.72839,0.91657,0.72887,1.68662,0.000162725,0.000162725,0.000162725
239,18427.6,1.19754,1.16884,1.7116,0.91473,0.88136,0.92973,0.72569,0.90159,0.73503,1.67798,0.000158216,0.000158216,0.000158216
240,18489.9,1.26284,1.25776,1.75331,0.91217,0.85884,0.92245,0.72163,0.90412,0.73612,1.67348,0.000153768,0.000153768,0.000153768
241,18570.2,1.18007,1.1636,1.7105,0.93947,0.85881,0.92527,0.71537,0.91176,0.73393,1.67343,0.000149383,0.000149383,0.000149383
242,18648.9,1.19339,1.1654,1.69291,0.94076,0.84653,0.92651,0.7275,0.91584,0.7469,1.67046,0.00014506,0.00014506,0.00014506
243,18713.9,1.21798,1.19545,1.71071,0.91484,0.85771,0.91336,0.72302,0.904,0.76705,1.66385,0.000140801,0.000140801,0.000140801
244,18796.2,1.30128,1.30264,1.78802,0.93762,0.87408,0.922,0.72648,0.9044,0.75753,1.65881,0.000136605,0.000136605,0.000136605
245,18876.9,1.22371,1.26252,1.74456,0.92945,0.87399,0.92176,0.72355,0.91521,0.73943,1.66335,0.000132474,0.000132474,0.000132474
246,18949,1.23464,1.20857,1.71291,0.9168,0.85441,0.91441,0.72443,0.92664,0.74485,1.68046,0.000128407,0.000128407,0.000128407
247,19031.6,1.21645,1.19843,1.75172,0.92247,0.87758,0.9164,0.72259,0.92488,0.74346,1.68283,0.000124405,0.000124405,0.000124405
248,19112.2,1.19468,1.19964,1.71374,0.93546,0.86611,0.92006,0.73326,0.93526,0.74442,1.70146,0.000120469,0.000120469,0.000120469
249,19186.4,1.22587,1.22596,1.72233,0.93271,0.86209,0.91494,0.7297,0.92725,0.7229,1.69803,0.000116599,0.000116599,0.000116599
250,19268.3,1.22881,1.21546,1.74192,0.91822,0.86277,0.91644,0.72631,0.917,0.72389,1.67946,0.000112795,0.000112795,0.000112795
251,19391.8,1.06162,0.8802,1.58068,0.91739,0.86037,0.91453,0.72636,0.89814,0.74823,1.67147,0.000109058,0.000109058,0.000109058
252,19471.6,1.04389,0.82381,1.54331,0.91909,0.87949,0.91864,0.72901,0.89286,0.74242,1.66782,0.000105388,0.000105388,0.000105388
253,19551.5,1.04331,0.8086,1.55468,0.92979,0.86209,0.91431,0.73956,0.89448,0.74708,1.66773,0.000101785,0.000101785,0.000101785
254,19615.5,1.05932,0.82163,1.55058,0.91692,0.8715,0.92119,0.74418,0.89991,0.73294,1.6738,9.82506e-05,9.82506e-05,9.82506e-05
255,19695.8,1.01622,0.79864,1.53095,0.91671,0.87798,0.91963,0.74806,0.88441,0.71445,1.66321,9.47845e-05,9.47845e-05,9.47845e-05
256,19778.3,1.02987,0.81449,1.54594,0.9372,0.88558,0.92151,0.74725,0.88722,0.69883,1.65721,9.13871e-05,9.13871e-05,9.13871e-05
257,19840.9,1.02572,0.76493,1.5233,0.9353,0.88341,0.92105,0.75029,0.87773,0.70343,1.62604,8.80588e-05,8.80588e-05,8.80588e-05
258,19922.4,1.00168,0.74988,1.51462,0.924,0.89153,0.92132,0.74896,0.87525,0.70379,1.619,8.48e-05,8.48e-05,8.48e-05
259,20002.8,1.02626,0.77367,1.52538,0.9498,0.89152,0.92256,0.73756,0.88282,0.70906,1.62331,8.16111e-05,8.16111e-05,8.16111e-05
260,20075.9,1.00918,0.75798,1.50422,0.94982,0.89678,0.92603,0.75108,0.87433,0.70492,1.6216,7.84923e-05,7.84923e-05,7.84923e-05
261,20158.1,1.01533,0.75998,1.53108,0.93295,0.89499,0.92522,0.75415,0.86196,0.69931,1.61439,7.54441e-05,7.54441e-05,7.54441e-05
262,20239.8,1.0019,0.73081,1.49164,0.92984,0.89631,0.92353,0.75685,0.85584,0.68968,1.6037,7.24667e-05,7.24667e-05,7.24667e-05
263,20310.1,0.9794,0.72597,1.49836,0.92756,0.87916,0.9191,0.75154,0.86643,0.68902,1.64192,6.95605e-05,6.95605e-05,6.95605e-05
264,20390.3,0.99433,0.77373,1.51655,0.9341,0.87856,0.92383,0.75441,0.86152,0.6921,1.64061,6.67258e-05,6.67258e-05,6.67258e-05
265,20471.5,1.00521,0.74313,1.49633,0.93511,0.87994,0.92033,0.75287,0.85053,0.70222,1.60514,6.3963e-05,6.3963e-05,6.3963e-05
266,20545.4,0.99272,0.73057,1.4704,0.92295,0.87342,0.92136,0.7495,0.84802,0.69433,1.59977,6.12722e-05,6.12722e-05,6.12722e-05
267,20626.1,0.99983,0.75029,1.50409,0.92105,0.89749,0.9204,0.75129,0.85705,0.68001,1.62988,5.86539e-05,5.86539e-05,5.86539e-05
268,20706.3,0.9731,0.72374,1.476,0.9194,0.89749,0.9195,0.75402,0.8381,0.68352,1.59259,5.61083e-05,5.61083e-05,5.61083e-05
269,20778.7,0.99927,0.73916,1.49973,0.91629,0.89749,0.91862,0.75563,0.85264,0.67899,1.63301,5.36357e-05,5.36357e-05,5.36357e-05
270,20859.5,0.98837,0.73651,1.49228,0.9281,0.88404,0.91861,0.75518,0.84656,0.67539,1.63173,5.12363e-05,5.12363e-05,5.12363e-05
271,20940,0.97103,0.73067,1.48184,0.92837,0.87994,0.92066,0.76285,0.82739,0.67995,1.59162,4.89104e-05,4.89104e-05,4.89104e-05
272,21003.3,0.96994,0.72818,1.48637,0.94872,0.87664,0.92121,0.76005,0.82404,0.68043,1.58171,4.66583e-05,4.66583e-05,4.66583e-05
273,21086.8,1.00949,0.73668,1.48965,0.93204,0.87399,0.91982,0.76131,0.83874,0.68339,1.59034,4.44803e-05,4.44803e-05,4.44803e-05
274,21167.9,0.97988,0.7426,1.47811,0.92147,0.88166,0.9208,0.75881,0.86034,0.68614,1.63173,4.23765e-05,4.23765e-05,4.23765e-05
275,21241.8,0.98245,0.73379,1.52213,0.93424,0.88482,0.92086,0.76005,0.85425,0.68084,1.62559,4.03471e-05,4.03471e-05,4.03471e-05
276,21325.3,1.00463,0.75372,1.49719,0.94387,0.87592,0.92135,0.75341,0.85267,0.67046,1.62527,3.83925e-05,3.83925e-05,3.83925e-05
277,21406.5,0.96301,0.72947,1.47013,0.94301,0.86935,0.92268,0.76102,0.8553,0.671,1.63098,3.65129e-05,3.65129e-05,3.65129e-05
278,21473.8,0.98739,0.7219,1.48963,0.94129,0.87994,0.9208,0.7535,0.85087,0.66677,1.62801,3.47083e-05,3.47083e-05,3.47083e-05
279,21555.1,0.96024,0.72051,1.47524,0.93952,0.87994,0.92066,0.75725,0.84996,0.66969,1.62062,3.29791e-05,3.29791e-05,3.29791e-05
280,21637,0.96925,0.7013,1.47322,0.93439,0.87994,0.92131,0.76428,0.8407,0.66689,1.60815,3.13254e-05,3.13254e-05,3.13254e-05
281,21709.3,0.96959,0.71699,1.48061,0.93324,0.88567,0.92237,0.76384,0.83919,0.67451,1.5878,2.97474e-05,2.97474e-05,2.97474e-05
282,21785.8,0.96131,0.72339,1.48499,0.94279,0.87994,0.92165,0.76479,0.84145,0.67024,1.5888,2.82453e-05,2.82453e-05,2.82453e-05
283,21866.9,0.95582,0.7114,1.46857,0.94732,0.87945,0.92063,0.76717,0.85523,0.67077,1.61991,2.68192e-05,2.68192e-05,2.68192e-05
284,21929.7,0.97349,0.73988,1.48764,0.93568,0.87523,0.91862,0.76157,0.83936,0.67097,1.58311,2.54693e-05,2.54693e-05,2.54693e-05
285,22009.4,0.96849,0.70913,1.47065,0.94211,0.87787,0.9188,0.75991,0.83516,0.66602,1.58429,2.41958e-05,2.41958e-05,2.41958e-05
286,22089.6,0.96972,0.72203,1.47209,0.94347,0.87914,0.92008,0.76066,0.82803,0.66525,1.57874,2.29987e-05,2.29987e-05,2.29987e-05
287,22155.1,0.96577,0.71399,1.47786,0.9385,0.87994,0.91958,0.76083,0.82507,0.6639,1.57882,2.18783e-05,2.18783e-05,2.18783e-05
288,22234.9,0.95198,0.71339,1.46365,0.93769,0.87994,0.9219,0.75942,0.82941,0.67094,1.57989,2.08346e-05,2.08346e-05,2.08346e-05
289,22313.8,0.95454,0.72871,1.45565,0.93401,0.87994,0.92068,0.7622,0.83685,0.66882,1.58777,1.98677e-05,1.98677e-05,1.98677e-05
290,22386.3,0.95192,0.72811,1.47695,0.93282,0.87994,0.92148,0.76629,0.83992,0.67242,1.58912,1.89778e-05,1.89778e-05,1.89778e-05
291,22465.9,0.97038,0.72031,1.47397,0.92994,0.87994,0.92066,0.7623,0.83786,0.67127,1.58724,1.8165e-05,1.8165e-05,1.8165e-05
292,22545.9,0.97737,0.7065,1.47246,0.93339,0.87994,0.92239,0.7596,0.83615,0.67157,1.5867,1.74293e-05,1.74293e-05,1.74293e-05
293,22616.9,0.9474,0.70484,1.46652,0.92617,0.87994,0.92152,0.76541,0.83595,0.66772,1.58621,1.67708e-05,1.67708e-05,1.67708e-05
294,22696.4,0.9602,0.71637,1.47632,0.93846,0.87994,0.92526,0.7684,0.82989,0.66661,1.58149,1.61896e-05,1.61896e-05,1.61896e-05
295,22771.9,0.97772,0.71626,1.4696,0.94709,0.87295,0.9197,0.76425,0.82304,0.67101,1.57513,1.56858e-05,1.56858e-05,1.56858e-05
296,22837.4,0.95817,0.71398,1.46686,0.94462,0.87415,0.92702,0.77257,0.83131,0.67103,1.58512,1.52594e-05,1.52594e-05,1.52594e-05
297,22915.6,0.94844,0.70316,1.45544,0.95367,0.88885,0.92847,0.77259,0.82988,0.6691,1.58504,1.49105e-05,1.49105e-05,1.49105e-05
298,22995.8,0.97142,0.70258,1.46868,0.94179,0.87994,0.92706,0.77076,0.82329,0.66575,1.57931,1.4639e-05,1.4639e-05,1.4639e-05
299,23062.9,0.9488,0.70305,1.47254,0.93896,0.87994,0.92274,0.76503,0.81915,0.66699,1.57851,1.44451e-05,1.44451e-05,1.44451e-05
300,23141.9,0.95735,0.71797,1.47188,0.93702,0.87399,0.92768,0.76727,0.8199,0.66769,1.57587,1.43288e-05,1.43288e-05,1.43288e-05
